#,title,videoUrl,videoId,publishedAt,position
1,Introduction to Artificial Intelligence in Hindi | What is Artificial Intelligence in Hindi 🔥🔥,https://www.youtube.com/watch?v=saNiKk06f1Y&list=PLwC0UuFKct50cbfZcJjUFcBSQ9ex1K40t&index=1,saNiKk06f1Y,2021-07-25T15:02:03Z,0
2,Applications of Artificial Intelligence ( AI ) in Hindi | Artificial Intelligence and Soft Computing,https://www.youtube.com/watch?v=U4t1qFteDjs&list=PLwC0UuFKct50cbfZcJjUFcBSQ9ex1K40t&index=2,U4t1qFteDjs,2021-07-25T15:15:55Z,1
3,What is an Agent in Artificial Intelligence in Hindi | Artificial Intelligence & Soft Computing 🔥🔥,https://www.youtube.com/watch?v=Yp_EUYtNBb8&list=PLwC0UuFKct50cbfZcJjUFcBSQ9ex1K40t&index=3,Yp_EUYtNBb8,2021-07-27T06:30:09Z,2
4,Types / Structure of agents in artificial intelligence in Hindi 🔥🔥,https://www.youtube.com/watch?v=WNrymh1jzGk&list=PLwC0UuFKct50cbfZcJjUFcBSQ9ex1K40t&index=4,WNrymh1jzGk,2021-08-11T14:30:11Z,3
5,Learning Agent in Artificial Intelligence [ AI ] in Hindi,https://www.youtube.com/watch?v=LAkscQo_Cak&list=PLwC0UuFKct50cbfZcJjUFcBSQ9ex1K40t&index=5,LAkscQo_Cak,2021-08-12T14:30:05Z,4
6,What are Intelligent Agents in Artificial Intelligence in Hindi 🔥🔥,https://www.youtube.com/watch?v=s0pBNBGhAss&list=PLwC0UuFKct50cbfZcJjUFcBSQ9ex1K40t&index=6,s0pBNBGhAss,2021-07-27T14:30:18Z,5
7,Problem Solving Agents in artificial intelligence in Hindi 🔥🔥,https://www.youtube.com/watch?v=PLOtEiTjSt8&list=PLwC0UuFKct50cbfZcJjUFcBSQ9ex1K40t&index=7,PLOtEiTjSt8,2021-08-16T14:30:08Z,6
8,What is Rational Agent in Artificial Intelligence in Hindi 🔥🔥,https://www.youtube.com/watch?v=SE8kwTr-nmc&list=PLwC0UuFKct50cbfZcJjUFcBSQ9ex1K40t&index=8,SE8kwTr-nmc,2021-08-09T14:30:10Z,7
9,PEAS properties of agent in AI [ Artificial Intelligence ] 🔥🔥,https://www.youtube.com/watch?v=n8z9HNV__OA&list=PLwC0UuFKct50cbfZcJjUFcBSQ9ex1K40t&index=9,n8z9HNV__OA,2021-08-10T14:30:08Z,8
10,What is Computing? [ In Hindi ] 🔥🔥,https://www.youtube.com/watch?v=y3k-Cqgo3_k&list=PLwC0UuFKct50cbfZcJjUFcBSQ9ex1K40t&index=10,y3k-Cqgo3_k,2021-10-13T15:58:20Z,9
11,What is Hard Computing? [ In Hindi ] 🔥🔥,https://www.youtube.com/watch?v=Supt_9NuyPQ&list=PLwC0UuFKct50cbfZcJjUFcBSQ9ex1K40t&index=11,Supt_9NuyPQ,2021-10-13T16:03:07Z,10
12,Hard Computing vs Soft Computing in Artificial Intelligence in Hindi,https://www.youtube.com/watch?v=uild0fffeZc&list=PLwC0UuFKct50cbfZcJjUFcBSQ9ex1K40t&index=12,uild0fffeZc,2021-08-15T14:30:06Z,11
13,Uninformed search in artificial intelligence in Hindi 🔥🔥,https://www.youtube.com/watch?v=ZjPXeJaGEus&list=PLwC0UuFKct50cbfZcJjUFcBSQ9ex1K40t&index=13,ZjPXeJaGEus,2021-08-19T14:30:08Z,12
14,Breadth First Search [ BFS ] in artificial intelligence * With Algorithm * 🔥🔥,https://www.youtube.com/watch?v=v6aD3bS90MY&list=PLwC0UuFKct50cbfZcJjUFcBSQ9ex1K40t&index=14,v6aD3bS90MY,2021-08-20T14:30:18Z,13
15,Depth First Search in Artificial Intelligence in Hindi * With Algorithm *,https://www.youtube.com/watch?v=axtcFOsKlGM&list=PLwC0UuFKct50cbfZcJjUFcBSQ9ex1K40t&index=15,axtcFOsKlGM,2021-08-21T14:30:00Z,14
16,Depth Limited Search in Artificial Intelligence in Hindi,https://www.youtube.com/watch?v=v3GCQ1Y-1dI&list=PLwC0UuFKct50cbfZcJjUFcBSQ9ex1K40t&index=16,v3GCQ1Y-1dI,2021-08-22T14:30:32Z,15
17,Iterative Deepening Depth First Search in Artificial Intelligence in Hindi 🔥🔥,https://www.youtube.com/watch?v=ubsBoqXnvfE&list=PLwC0UuFKct50cbfZcJjUFcBSQ9ex1K40t&index=17,ubsBoqXnvfE,2021-08-23T14:30:07Z,16
18,Breadth First Search vs Depth First Search in Hindi * BFS vs DFS in Hindi *,https://www.youtube.com/watch?v=bxtHSQzrM6A&list=PLwC0UuFKct50cbfZcJjUFcBSQ9ex1K40t&index=18,bxtHSQzrM6A,2021-08-24T14:30:05Z,17
19,Bidirectional Search in Artificial Intelligence in Hindi,https://www.youtube.com/watch?v=GZS6UFrzoTo&list=PLwC0UuFKct50cbfZcJjUFcBSQ9ex1K40t&index=19,GZS6UFrzoTo,2021-08-25T06:30:03Z,18
20,Uniform Cost Search in Artificial Intelligence in Hindi * With solved examples *,https://www.youtube.com/watch?v=y2mURT15rgQ&list=PLwC0UuFKct50cbfZcJjUFcBSQ9ex1K40t&index=20,y2mURT15rgQ,2021-09-01T06:30:11Z,19
21,Best First Search Algorithm in Artificial Intelligence in Hindi 🔥🔥,https://www.youtube.com/watch?v=MboFR7C8gNQ&list=PLwC0UuFKct50cbfZcJjUFcBSQ9ex1K40t&index=21,MboFR7C8gNQ,2021-08-25T14:30:10Z,20
22,Hill Climbing in Artificial Intelligence in Hindi 🔥🔥,https://www.youtube.com/watch?v=1w-2fJAYNmE&list=PLwC0UuFKct50cbfZcJjUFcBSQ9ex1K40t&index=22,1w-2fJAYNmE,2021-08-26T07:05:31Z,21
23,A* Algorithm 🔥,https://www.youtube.com/watch?v=pZO1CwGsHzY&list=PLwC0UuFKct50cbfZcJjUFcBSQ9ex1K40t&index=23,pZO1CwGsHzY,2024-04-16T14:30:17Z,22
24,Heuristic Search & Function in Artificial Intelligence in Hindi 🔥🔥,https://www.youtube.com/watch?v=E48Hn3nfCqg&list=PLwC0UuFKct50cbfZcJjUFcBSQ9ex1K40t&index=24,E48Hn3nfCqg,2021-08-24T06:30:01Z,23
25,8 Puzzle problem in Artificial Intelligence in Hindi,https://www.youtube.com/watch?v=r14GPj1YcCQ&list=PLwC0UuFKct50cbfZcJjUFcBSQ9ex1K40t&index=25,r14GPj1YcCQ,2021-08-17T14:30:08Z,24
26,Vacuum Cleaner Problem in Artificial Intelligence in Hindi,https://www.youtube.com/watch?v=KX09yGiPW70&list=PLwC0UuFKct50cbfZcJjUFcBSQ9ex1K40t&index=26,KX09yGiPW70,2021-08-18T14:30:05Z,25
27,Water Jug Problem 🔥,https://www.youtube.com/watch?v=PWly9QlfgXs&list=PLwC0UuFKct50cbfZcJjUFcBSQ9ex1K40t&index=27,PWly9QlfgXs,2024-04-15T14:30:13Z,26
28,WUMPUS World Problem in Artificial Intelligence,https://www.youtube.com/watch?v=SHfP8SPOEEw&list=PLwC0UuFKct50cbfZcJjUFcBSQ9ex1K40t&index=28,SHfP8SPOEEw,2021-08-27T06:30:04Z,27
29,Min Max Algorithm 🔥,https://www.youtube.com/watch?v=g6W_s-QTILc&list=PLwC0UuFKct50cbfZcJjUFcBSQ9ex1K40t&index=29,g6W_s-QTILc,2024-04-17T14:30:12Z,28
30,Alpha Beta Pruning 🔥,https://www.youtube.com/watch?v=6qJtngq24r8&list=PLwC0UuFKct50cbfZcJjUFcBSQ9ex1K40t&index=30,6qJtngq24r8,2024-04-17T17:05:45Z,29
31,Knowledge Based Agents in Artificial Intelligence in Hindi,https://www.youtube.com/watch?v=a_bXNyCR5Vs&list=PLwC0UuFKct50cbfZcJjUFcBSQ9ex1K40t&index=31,a_bXNyCR5Vs,2021-08-26T14:30:00Z,30
32,Propositional Logic in Artificial Intelligence in Hindi | Knowledge Representation,https://www.youtube.com/watch?v=ItXMQj06MEo&list=PLwC0UuFKct50cbfZcJjUFcBSQ9ex1K40t&index=32,ItXMQj06MEo,2021-08-31T07:57:18Z,31
33,First Order Predicate Logic ( FOL ) in Artificial Intelligence in Hindi | Knowledge Representation,https://www.youtube.com/watch?v=wgb9_BJhaT0&list=PLwC0UuFKct50cbfZcJjUFcBSQ9ex1K40t&index=33,wgb9_BJhaT0,2021-08-31T14:30:19Z,32
34,Resolution in Artificial Intelligence 🔥,https://www.youtube.com/watch?v=pkLcCto83u0&list=PLwC0UuFKct50cbfZcJjUFcBSQ9ex1K40t&index=34,pkLcCto83u0,2024-05-21T15:17:55Z,33
35,"Types of Machine Learning | Supervised, Unsupervised, Reinforcement & Semi Supervised Learning 🔥",https://www.youtube.com/watch?v=97HCQqvhK0Y&list=PLwC0UuFKct50cbfZcJjUFcBSQ9ex1K40t&index=35,97HCQqvhK0Y,2023-06-22T14:30:05Z,34
36,What is Fuzzy Logic in Soft Computing in Hindi 🔥🔥,https://www.youtube.com/watch?v=6cmSTo7QNew&list=PLwC0UuFKct50cbfZcJjUFcBSQ9ex1K40t&index=36,6cmSTo7QNew,2021-10-19T21:14:17Z,35
37,Basic steps of Natural Language Processing,https://www.youtube.com/watch?v=E3W14t3tkhw&list=PLwC0UuFKct50cbfZcJjUFcBSQ9ex1K40t&index=37,E3W14t3tkhw,2024-04-19T08:00:11Z,36
38,Levels of NLP 🔥,https://www.youtube.com/watch?v=bYHvS-jad1Y&list=PLwC0UuFKct50cbfZcJjUFcBSQ9ex1K40t&index=38,bYHvS-jad1Y,2024-04-22T17:30:08Z,37
39,Applications of Robotics 🔥,https://www.youtube.com/watch?v=SaQBPugqYh0&list=PLwC0UuFKct50cbfZcJjUFcBSQ9ex1K40t&index=39,SaQBPugqYh0,2024-04-25T17:30:05Z,38
40,Introduction to Big Data Analytics 🔥,https://www.youtube.com/watch?v=I_ku0D4uQzQ&list=PLwC0UuFKct50cbfZcJjUFcBSQ9ex1K40t&index=40,I_ku0D4uQzQ,2020-11-13T14:30:01Z,39
41,5 v's of big data 🔥🔥,https://www.youtube.com/watch?v=ioBHS7A9IxY&list=PLwC0UuFKct50cbfZcJjUFcBSQ9ex1K40t&index=41,ioBHS7A9IxY,2021-07-05T14:30:05Z,40
42,7 V's of Big Data | Characteristics of Big Data,https://www.youtube.com/watch?v=37CL5c41cDY&list=PLwC0UuFKct50cbfZcJjUFcBSQ9ex1K40t&index=42,37CL5c41cDY,2024-09-28T14:58:43Z,41
43,Types of Data Under Big data | Structured Unstructured and Semi Structured data,https://www.youtube.com/watch?v=IAU-bXjjvyI&list=PLwC0UuFKct50cbfZcJjUFcBSQ9ex1K40t&index=43,IAU-bXjjvyI,2020-11-15T14:30:01Z,42
44,Traditional Data vs Big Data 🔥🔥,https://www.youtube.com/watch?v=UUMGfThF-D0&list=PLwC0UuFKct50cbfZcJjUFcBSQ9ex1K40t&index=44,UUMGfThF-D0,2020-11-14T14:30:01Z,43
45,Big Data Case Study 🔥🔥,https://www.youtube.com/watch?v=d8KvA65Z19A&list=PLwC0UuFKct50cbfZcJjUFcBSQ9ex1K40t&index=45,d8KvA65Z19A,2020-11-24T16:50:12Z,44
46,Introduction to Hadoop in Hindi & What is Hadoop in hindi,https://www.youtube.com/watch?v=AtaLA1Yhw3A&list=PLwC0UuFKct50cbfZcJjUFcBSQ9ex1K40t&index=46,AtaLA1Yhw3A,2020-11-17T14:30:00Z,45
47,Features of Hadoop 🔥🔥,https://www.youtube.com/watch?v=IDTGrlaYYEU&list=PLwC0UuFKct50cbfZcJjUFcBSQ9ex1K40t&index=47,IDTGrlaYYEU,2020-11-20T14:30:01Z,46
48,Hadoop Architecture 🔥🔥,https://www.youtube.com/watch?v=7bJTDRhJp3I&list=PLwC0UuFKct50cbfZcJjUFcBSQ9ex1K40t&index=48,7bJTDRhJp3I,2020-11-19T14:30:00Z,47
49,HDFS Architecture 🔥🔥,https://www.youtube.com/watch?v=oWefH_4ftUY&list=PLwC0UuFKct50cbfZcJjUFcBSQ9ex1K40t&index=49,oWefH_4ftUY,2020-11-21T14:30:02Z,48
50,Hadoop Ecosystem 🔥🔥,https://www.youtube.com/watch?v=ER883J9F4uc&list=PLwC0UuFKct50cbfZcJjUFcBSQ9ex1K40t&index=50,ER883J9F4uc,2020-11-24T16:14:17Z,49
51,Distributed File System 🔥🔥,https://www.youtube.com/watch?v=McTWc6N-pBg&list=PLwC0UuFKct50cbfZcJjUFcBSQ9ex1K40t&index=51,McTWc6N-pBg,2020-11-25T16:54:33Z,50
52,What is MapReduce in Hadoop ? 🔥🔥,https://www.youtube.com/watch?v=W9mX04IvFRA&list=PLwC0UuFKct50cbfZcJjUFcBSQ9ex1K40t&index=52,W9mX04IvFRA,2020-11-22T14:30:00Z,51
53,What is NoSQL database in Hindi,https://www.youtube.com/watch?v=iAdTs4hVK8E&list=PLwC0UuFKct50cbfZcJjUFcBSQ9ex1K40t&index=53,iAdTs4hVK8E,2020-12-03T06:30:01Z,52
54,SQL vs NOSQL in Hindi,https://www.youtube.com/watch?v=Oqz6Jp5raCo&list=PLwC0UuFKct50cbfZcJjUFcBSQ9ex1K40t&index=54,Oqz6Jp5raCo,2020-12-03T14:30:04Z,53
55,Features of NoSQL Database,https://www.youtube.com/watch?v=ceKYCxXAYwc&list=PLwC0UuFKct50cbfZcJjUFcBSQ9ex1K40t&index=55,ceKYCxXAYwc,2020-12-03T11:30:03Z,54
56,CAP Theorem 🔥🔥,https://www.youtube.com/watch?v=taArwdC6b7w&list=PLwC0UuFKct50cbfZcJjUFcBSQ9ex1K40t&index=56,taArwdC6b7w,2020-12-04T16:47:32Z,55
57,BASE properties of NoSQL database,https://www.youtube.com/watch?v=qrwhdNf51aU&list=PLwC0UuFKct50cbfZcJjUFcBSQ9ex1K40t&index=57,qrwhdNf51aU,2020-12-05T14:30:03Z,56
58,NoSQL data Architecture patterns,https://www.youtube.com/watch?v=6RBF-vhU8dA&list=PLwC0UuFKct50cbfZcJjUFcBSQ9ex1K40t&index=58,6RBF-vhU8dA,2024-10-07T15:00:07Z,57
59,Types of Big Data Problems 🔥,https://www.youtube.com/watch?v=nBJ09B-hY2A&list=PLwC0UuFKct50cbfZcJjUFcBSQ9ex1K40t&index=59,nBJ09B-hY2A,2024-10-08T14:30:31Z,58
60,Client Server and Peer to peer model,https://www.youtube.com/watch?v=mfs8pvP9Hg8&list=PLwC0UuFKct50cbfZcJjUFcBSQ9ex1K40t&index=60,mfs8pvP9Hg8,2024-10-10T14:30:19Z,59
61,What is Cassandra in Big Data Analytics in Hindi,https://www.youtube.com/watch?v=eOv5sty-fvQ&list=PLwC0UuFKct50cbfZcJjUFcBSQ9ex1K40t&index=61,eOv5sty-fvQ,2021-07-02T14:30:12Z,60
62,What is MongoDB in Big Data Analytics in Hindi,https://www.youtube.com/watch?v=YZhrh9-dhg4&list=PLwC0UuFKct50cbfZcJjUFcBSQ9ex1K40t&index=62,YZhrh9-dhg4,2021-07-03T14:30:04Z,61
63,What is DynamoDB in Big Data Analytics in Hindi,https://www.youtube.com/watch?v=vc-fmlODwEI&list=PLwC0UuFKct50cbfZcJjUFcBSQ9ex1K40t&index=63,vc-fmlODwEI,2021-07-04T14:30:06Z,62
64,Data Stream Management System ( DSMS ) 🔥,https://www.youtube.com/watch?v=z_PeGrKuRl8&list=PLwC0UuFKct50cbfZcJjUFcBSQ9ex1K40t&index=64,z_PeGrKuRl8,2024-10-17T14:30:26Z,63
65,Distance Measures in Big Data Analytics in Hindi,https://www.youtube.com/watch?v=YzjS9acPo9w&list=PLwC0UuFKct50cbfZcJjUFcBSQ9ex1K40t&index=65,YzjS9acPo9w,2021-07-06T14:30:04Z,64
66,Euclidean Distance in Big Data Analytics in Hindi ( Solved Problems ! ),https://www.youtube.com/watch?v=N5BjD1YVxPE&list=PLwC0UuFKct50cbfZcJjUFcBSQ9ex1K40t&index=66,N5BjD1YVxPE,2021-07-09T06:30:03Z,65
67,Jaccard Distance in Big Data Analytics in Hindi ( Solved Problem ! ),https://www.youtube.com/watch?v=kDD7uSaTRjA&list=PLwC0UuFKct50cbfZcJjUFcBSQ9ex1K40t&index=67,kDD7uSaTRjA,2021-07-08T14:30:07Z,66
68,Cosine Distance in Big Data Analytics in Hindi ( Solved Problem ! ),https://www.youtube.com/watch?v=JsEHEGUMch0&list=PLwC0UuFKct50cbfZcJjUFcBSQ9ex1K40t&index=68,JsEHEGUMch0,2021-07-08T06:30:04Z,67
69,Edit Distance in Big Data analytics in Hindi ( Solved Problems ! ),https://www.youtube.com/watch?v=9t5RGyFht5U&list=PLwC0UuFKct50cbfZcJjUFcBSQ9ex1K40t&index=69,9t5RGyFht5U,2021-07-07T14:30:01Z,68
70,Hamming Distance in Big Data Analytics in Hindi ( Solved Problem ! ),https://www.youtube.com/watch?v=ZbzQyuYRDrw&list=PLwC0UuFKct50cbfZcJjUFcBSQ9ex1K40t&index=70,ZbzQyuYRDrw,2021-07-07T06:30:07Z,69
71,Recommendation Systems in Big Data Analytics in Hindi,https://www.youtube.com/watch?v=LK9yIuk7gSg&list=PLwC0UuFKct50cbfZcJjUFcBSQ9ex1K40t&index=71,LK9yIuk7gSg,2021-07-14T14:30:06Z,70
72,Collaborative Filtering in Big Data Analytics in Hindi,https://www.youtube.com/watch?v=xUJs_tpcCw0&list=PLwC0UuFKct50cbfZcJjUFcBSQ9ex1K40t&index=72,xUJs_tpcCw0,2021-07-17T15:00:24Z,71
73,Content based recommendation system in big data analytics in hindi,https://www.youtube.com/watch?v=yxGRawv4zWM&list=PLwC0UuFKct50cbfZcJjUFcBSQ9ex1K40t&index=73,yxGRawv4zWM,2021-07-18T14:30:17Z,72
74,Introduction to Cloud Computing ll Cloud Computing Course Explained with Real Life Examples in Hindi,https://www.youtube.com/watch?v=HhStJ7FDBpc&list=PLwC0UuFKct50cbfZcJjUFcBSQ9ex1K40t&index=74,HhStJ7FDBpc,2019-03-07T03:23:37Z,73
75,Cloud Service Models : Infrastructure as a Service (IaaS) ll Cloud Computing Course in Hindi,https://www.youtube.com/watch?v=CaHBhnc1e_I&list=PLwC0UuFKct50cbfZcJjUFcBSQ9ex1K40t&index=75,CaHBhnc1e_I,2019-03-08T02:54:19Z,74
76,Cloud Service Models : Platform as a Service (Paas) ll Cloud Computing Course,https://www.youtube.com/watch?v=cj1C7A6pQTQ&list=PLwC0UuFKct50cbfZcJjUFcBSQ9ex1K40t&index=76,cj1C7A6pQTQ,2019-03-08T04:01:43Z,75
77,Cloud Service Models : Software as a Service (SaaS) ll Cloud Computing Course in Hindi,https://www.youtube.com/watch?v=Gphz3lkrSH0&list=PLwC0UuFKct50cbfZcJjUFcBSQ9ex1K40t&index=77,Gphz3lkrSH0,2019-03-08T03:33:55Z,76
78,XaaS Everything as a Service Explained with Example in Hindi l Cloud Computing Series,https://www.youtube.com/watch?v=NbQijlAuGMg&list=PLwC0UuFKct50cbfZcJjUFcBSQ9ex1K40t&index=78,NbQijlAuGMg,2023-01-28T12:18:58Z,77
79,"Cloud Deployment Models : Public, Private and Hybrid Cloud Explained in Hindi",https://www.youtube.com/watch?v=5G0L7XCt6XQ&list=PLwC0UuFKct50cbfZcJjUFcBSQ9ex1K40t&index=79,5G0L7XCt6XQ,2019-03-09T02:22:25Z,78
80,Benefits Of Cloud Computing ll Cloud Computing Course Explained with Examples in Hindi,https://www.youtube.com/watch?v=oFga9Q1nd8M&list=PLwC0UuFKct50cbfZcJjUFcBSQ9ex1K40t&index=80,oFga9Q1nd8M,2019-03-10T02:29:57Z,79
81,Characteristics Of Cloud Computing ll Cloud Computing Course Explained in Hindi,https://www.youtube.com/watch?v=r7HTgHbZ4ko&list=PLwC0UuFKct50cbfZcJjUFcBSQ9ex1K40t&index=81,r7HTgHbZ4ko,2019-03-10T02:47:17Z,80
82,Applications Of Cloud Computing ll Cloud Computing Course Explained in Hindi,https://www.youtube.com/watch?v=MuW848rnOxs&list=PLwC0UuFKct50cbfZcJjUFcBSQ9ex1K40t&index=82,MuW848rnOxs,2019-03-10T06:43:06Z,81
83,Introduction to Virtualization ll Cloud Computing Course Explained in Hindi,https://www.youtube.com/watch?v=7yXlLgZkiJM&list=PLwC0UuFKct50cbfZcJjUFcBSQ9ex1K40t&index=83,7yXlLgZkiJM,2019-03-13T14:18:09Z,82
84,Introduction To Amazon Web Services (AWS)  and it's Benefits Explained in Hindi,https://www.youtube.com/watch?v=AGnYEHU-zvY&list=PLwC0UuFKct50cbfZcJjUFcBSQ9ex1K40t&index=84,AGnYEHU-zvY,2019-05-17T02:50:02Z,83
85,Amazon Web Services (AWS) Global Infrastructure l Regions l Availability Zones Explained in Hindi,https://www.youtube.com/watch?v=WhSDtjrKmpE&list=PLwC0UuFKct50cbfZcJjUFcBSQ9ex1K40t&index=85,WhSDtjrKmpE,2019-05-18T02:13:55Z,84
86,Amazon Web Services (AWS) : Elastic Compute Cloud (EC2) Explained in Hindi,https://www.youtube.com/watch?v=xkXZGvuerRU&list=PLwC0UuFKct50cbfZcJjUFcBSQ9ex1K40t&index=86,xkXZGvuerRU,2019-05-25T12:05:14Z,85
87,Amazon Web Services (AWS) : Simple Storage Service (S3) Explained in Hindi,https://www.youtube.com/watch?v=mRWm8Y2sV0E&list=PLwC0UuFKct50cbfZcJjUFcBSQ9ex1K40t&index=87,mRWm8Y2sV0E,2019-05-26T06:01:53Z,86
88,Amazon Web Services (AWS) : Auto Scaling Explained in Hindi,https://www.youtube.com/watch?v=C9tdKurLFoc&list=PLwC0UuFKct50cbfZcJjUFcBSQ9ex1K40t&index=88,C9tdKurLFoc,2019-05-26T06:33:52Z,87
89,Amazon Web Services (AWS)  : Elastic Load Balancing (ELB) Explained with Benefits in Hindi,https://www.youtube.com/watch?v=B79Ux8_ipQs&list=PLwC0UuFKct50cbfZcJjUFcBSQ9ex1K40t&index=89,B79Ux8_ipQs,2019-05-26T06:57:22Z,88
90,Amazon Web Services (AWS) : Virtual Private Cloud (VPC)  Explained in Hindi,https://www.youtube.com/watch?v=70VeggbI39U&list=PLwC0UuFKct50cbfZcJjUFcBSQ9ex1K40t&index=90,70VeggbI39U,2019-05-26T07:15:49Z,89
91,Cloud Ecosystem Explained in Hindi l Cloud Computing Course,https://www.youtube.com/watch?v=GbVFpTYWKHU&list=PLwC0UuFKct50cbfZcJjUFcBSQ9ex1K40t&index=91,GbVFpTYWKHU,2021-11-18T04:49:36Z,90
92,Cloud Computing Architecture Explained in Hindi,https://www.youtube.com/watch?v=TNt0TlSEIRg&list=PLwC0UuFKct50cbfZcJjUFcBSQ9ex1K40t&index=92,TNt0TlSEIRg,2021-11-23T12:11:49Z,91
93,Amazon EC2 Instance Types : General Purpose Instance Part-1 Explained in Hindi l AWS Tutorial,https://www.youtube.com/watch?v=HQ_dP6mXrUs&list=PLwC0UuFKct50cbfZcJjUFcBSQ9ex1K40t&index=93,HQ_dP6mXrUs,2022-03-21T05:29:03Z,92
94,Amazon EC2 Instance Types : General Purpose instance Part-2 Explained in Hindi l AWS Tutorial,https://www.youtube.com/watch?v=rWTrqMLyJbg&list=PLwC0UuFKct50cbfZcJjUFcBSQ9ex1K40t&index=94,rWTrqMLyJbg,2022-03-22T15:30:09Z,93
95,Amazon EC2 Instance Types : Compute Optimized Instance Explained in Hindi,https://www.youtube.com/watch?v=LUXdW3SlWCI&list=PLwC0UuFKct50cbfZcJjUFcBSQ9ex1K40t&index=95,LUXdW3SlWCI,2022-03-23T15:30:04Z,94
96,Virtual Machine Explained in Hindi l Cloud Computing,https://www.youtube.com/watch?v=OHWGUtSsPUg&list=PLwC0UuFKct50cbfZcJjUFcBSQ9ex1K40t&index=96,OHWGUtSsPUg,2022-11-08T13:52:11Z,95
97,What is Hypervisor Explained in Hindi l Cloud Computing Series,https://www.youtube.com/watch?v=qmPCBBBrc00&list=PLwC0UuFKct50cbfZcJjUFcBSQ9ex1K40t&index=97,qmPCBBBrc00,2022-11-14T11:28:01Z,96
98,Type 1 Hypervisor Explained in Hindi l Cloud Computing Series,https://www.youtube.com/watch?v=ojpYJTz9SDg&list=PLwC0UuFKct50cbfZcJjUFcBSQ9ex1K40t&index=98,ojpYJTz9SDg,2022-11-16T11:58:50Z,97
99,Type 2 Hypervisor Explained in Hindi l Cloud Computing Series,https://www.youtube.com/watch?v=n0uY8nvOvAM&list=PLwC0UuFKct50cbfZcJjUFcBSQ9ex1K40t&index=99,n0uY8nvOvAM,2022-11-18T12:24:49Z,98
100,Server Virtualization Explained in Hindi l Cloud Computing Series,https://www.youtube.com/watch?v=eJEk5FKjfUk&list=PLwC0UuFKct50cbfZcJjUFcBSQ9ex1K40t&index=100,eJEk5FKjfUk,2023-01-21T12:14:02Z,99
101,Storage Virtualization Explained in Hindi l Cloud Computing Series,https://www.youtube.com/watch?v=OUq-zNNTxBQ&list=PLwC0UuFKct50cbfZcJjUFcBSQ9ex1K40t&index=101,OUq-zNNTxBQ,2023-01-22T12:30:09Z,100
102,Desktop Virtualization Explained in Hindi l Cloud Computing Series,https://www.youtube.com/watch?v=KXCXbNTqB4c&list=PLwC0UuFKct50cbfZcJjUFcBSQ9ex1K40t&index=102,KXCXbNTqB4c,2023-01-24T12:30:08Z,101
103,Network Virtualization Explained in Hindi l Cloud Computing Series,https://www.youtube.com/watch?v=ABrXGwNsFfA&list=PLwC0UuFKct50cbfZcJjUFcBSQ9ex1K40t&index=103,ABrXGwNsFfA,2023-01-25T12:30:04Z,102
104,Application Virtualization Explained in Hindi l Cloud Computing Series,https://www.youtube.com/watch?v=O5NR1wE_-_s&list=PLwC0UuFKct50cbfZcJjUFcBSQ9ex1K40t&index=104,O5NR1wE_-_s,2023-01-23T12:30:07Z,103
105,Data Virtualization Explained with Example in Hindi l Cloud Computing Series,https://www.youtube.com/watch?v=OLxLlGs033g&list=PLwC0UuFKct50cbfZcJjUFcBSQ9ex1K40t&index=105,OLxLlGs033g,2023-01-27T11:49:55Z,104
106,DAS : Direct Attached Storage Explained in Hindi l Cloud Computing Series,https://www.youtube.com/watch?v=JJf9dUQFiW8&list=PLwC0UuFKct50cbfZcJjUFcBSQ9ex1K40t&index=106,JJf9dUQFiW8,2023-01-29T12:30:08Z,105
107,NAS : Network Attached Storage Explained in Hindi l Cloud Computing Series,https://www.youtube.com/watch?v=fm_HysRkmSQ&list=PLwC0UuFKct50cbfZcJjUFcBSQ9ex1K40t&index=107,fm_HysRkmSQ,2023-01-30T12:30:15Z,106
108,SAN : Storage Area Network Explained in Hindi l Cloud Computing Series,https://www.youtube.com/watch?v=7e2XkrvkboU&list=PLwC0UuFKct50cbfZcJjUFcBSQ9ex1K40t&index=108,7e2XkrvkboU,2023-01-31T12:30:03Z,107
109,Load Balancer Explained in Hindi l Cloud Computing Series,https://www.youtube.com/watch?v=TO3yGao_Vjs&list=PLwC0UuFKct50cbfZcJjUFcBSQ9ex1K40t&index=109,TO3yGao_Vjs,2023-02-01T12:30:21Z,108
110,Round Robin and Weighted Round Robin Algorithms Explained in Hindi (Load Balancing) Cloud Computing,https://www.youtube.com/watch?v=USnb3E6mTeA&list=PLwC0UuFKct50cbfZcJjUFcBSQ9ex1K40t&index=110,USnb3E6mTeA,2023-02-02T12:30:23Z,109
111,"Least Connections, Weighted Least Connections and Least Response Time Algorithms Explained in Hindi",https://www.youtube.com/watch?v=qtfSe6gco94&list=PLwC0UuFKct50cbfZcJjUFcBSQ9ex1K40t&index=111,qtfSe6gco94,2023-02-03T12:30:31Z,110
112,Grid Computing Explained in Hindi,https://www.youtube.com/watch?v=sxbU0I6gu8Y&list=PLwC0UuFKct50cbfZcJjUFcBSQ9ex1K40t&index=112,sxbU0I6gu8Y,2023-02-04T12:30:33Z,111
113,Cloud Computing Vs Grid Computing Explained in Hindi,https://www.youtube.com/watch?v=hfubBUMoj_A&list=PLwC0UuFKct50cbfZcJjUFcBSQ9ex1K40t&index=113,hfubBUMoj_A,2023-02-05T12:30:29Z,112
114,Introduction to Python (Hindi) | What is Python? full Explanation,https://www.youtube.com/watch?v=qYhrd2Lhq0g&list=PLwC0UuFKct50cbfZcJjUFcBSQ9ex1K40t&index=114,qYhrd2Lhq0g,2022-06-06T03:30:21Z,113
115,Python Input/Output | Learn Coding,https://www.youtube.com/watch?v=_ErI8jHl7nY&list=PLwC0UuFKct50cbfZcJjUFcBSQ9ex1K40t&index=115,_ErI8jHl7nY,2022-07-25T04:29:00Z,114
116,Python Comments | Learn Coding,https://www.youtube.com/watch?v=fqwbHIPk4zs&list=PLwC0UuFKct50cbfZcJjUFcBSQ9ex1K40t&index=116,fqwbHIPk4zs,2022-07-10T11:04:50Z,115
117,Python Keywords | Learn Coding,https://www.youtube.com/watch?v=c_gnfezYobI&list=PLwC0UuFKct50cbfZcJjUFcBSQ9ex1K40t&index=117,c_gnfezYobI,2022-07-03T10:36:52Z,116
118,Python:- Datatypes and Variables | Learn Coding,https://www.youtube.com/watch?v=k0ZAkmYxVTQ&list=PLwC0UuFKct50cbfZcJjUFcBSQ9ex1K40t&index=118,k0ZAkmYxVTQ,2022-06-12T10:49:13Z,117
119,Python Lists | Learn Coding,https://www.youtube.com/watch?v=JEkSxGL3PBk&list=PLwC0UuFKct50cbfZcJjUFcBSQ9ex1K40t&index=119,JEkSxGL3PBk,2022-06-18T10:44:52Z,118
120,Python Tuples | Learn Coding,https://www.youtube.com/watch?v=PdyAglc1rJA&list=PLwC0UuFKct50cbfZcJjUFcBSQ9ex1K40t&index=120,PdyAglc1rJA,2022-06-19T07:42:40Z,119
121,Python Sets | Learn Coding,https://www.youtube.com/watch?v=WAd8pgy5pgI&list=PLwC0UuFKct50cbfZcJjUFcBSQ9ex1K40t&index=121,WAd8pgy5pgI,2022-06-25T11:48:16Z,120
122,Python Dictionary | Learn Coding,https://www.youtube.com/watch?v=llM5t-rEJCM&list=PLwC0UuFKct50cbfZcJjUFcBSQ9ex1K40t&index=122,llM5t-rEJCM,2022-06-27T09:09:27Z,121
123,Python Identifiers | Learn Coding,https://www.youtube.com/watch?v=1U0kKrTPx-E&list=PLwC0UuFKct50cbfZcJjUFcBSQ9ex1K40t&index=123,1U0kKrTPx-E,2022-07-09T06:05:06Z,122
124,Python Operators | Learn Coding,https://www.youtube.com/watch?v=uqPIk_0q940&list=PLwC0UuFKct50cbfZcJjUFcBSQ9ex1K40t&index=124,uqPIk_0q940,2022-07-17T06:33:21Z,123
125,"Python Conditional Statements | if, if-else & elif Statements",https://www.youtube.com/watch?v=5QlCw1_N6xk&list=PLwC0UuFKct50cbfZcJjUFcBSQ9ex1K40t&index=125,5QlCw1_N6xk,2022-07-28T06:13:55Z,124
126,Python Iterative Statements | for loop and while loop,https://www.youtube.com/watch?v=DjsCmmMua1Y&list=PLwC0UuFKct50cbfZcJjUFcBSQ9ex1K40t&index=126,DjsCmmMua1Y,2022-07-29T06:35:24Z,125
127,"Python Transfer Statements | break, continue and pass",https://www.youtube.com/watch?v=Fzn0PCuWi90&list=PLwC0UuFKct50cbfZcJjUFcBSQ9ex1K40t&index=127,Fzn0PCuWi90,2022-07-30T07:00:07Z,126
128,Python Modules | Learn Coding,https://www.youtube.com/watch?v=4yw79Rh-uJ8&list=PLwC0UuFKct50cbfZcJjUFcBSQ9ex1K40t&index=128,4yw79Rh-uJ8,2022-08-12T09:59:41Z,127
129,Python Functions | Learn Coding,https://www.youtube.com/watch?v=RoheSK9KwOU&list=PLwC0UuFKct50cbfZcJjUFcBSQ9ex1K40t&index=129,RoheSK9KwOU,2022-08-14T07:50:13Z,128
130,Python Exception Handling | Learn Coding,https://www.youtube.com/watch?v=qrueF1F9ndE&list=PLwC0UuFKct50cbfZcJjUFcBSQ9ex1K40t&index=130,qrueF1F9ndE,2022-08-27T06:52:54Z,129
131,Python File Handling | Learn Coding,https://www.youtube.com/watch?v=UCKbrAoFUlM&list=PLwC0UuFKct50cbfZcJjUFcBSQ9ex1K40t&index=131,UCKbrAoFUlM,2022-09-04T04:40:41Z,130
132,python oops concepts | Learn Coding,https://www.youtube.com/watch?v=Rq_3gA2h1RA&list=PLwC0UuFKct50cbfZcJjUFcBSQ9ex1K40t&index=132,Rq_3gA2h1RA,2022-09-17T06:42:47Z,131
133,python classes and objects | Learn Coding,https://www.youtube.com/watch?v=pdEA5Qkgraw&list=PLwC0UuFKct50cbfZcJjUFcBSQ9ex1K40t&index=133,pdEA5Qkgraw,2022-09-23T04:54:01Z,132
134,Python Constructor | Learn Coding,https://www.youtube.com/watch?v=C79Q9q1NuVs&list=PLwC0UuFKct50cbfZcJjUFcBSQ9ex1K40t&index=134,C79Q9q1NuVs,2022-12-19T04:39:11Z,133
135,Default Constructor in Python | Learn Coding,https://www.youtube.com/watch?v=QJaB5Y9D8fQ&list=PLwC0UuFKct50cbfZcJjUFcBSQ9ex1K40t&index=135,QJaB5Y9D8fQ,2022-12-22T13:45:33Z,134
136,Parameterized Constructor in Python | Learn Coding,https://www.youtube.com/watch?v=OPZSsFFnedU&list=PLwC0UuFKct50cbfZcJjUFcBSQ9ex1K40t&index=136,OPZSsFFnedU,2022-12-24T11:17:18Z,135
137,Python Access Modifiers | Learn Coding,https://www.youtube.com/watch?v=1zu8sPsAfRM&list=PLwC0UuFKct50cbfZcJjUFcBSQ9ex1K40t&index=137,1zu8sPsAfRM,2022-11-12T02:54:09Z,136
138,Python Inheritance | Learn Coding,https://www.youtube.com/watch?v=ioO0VyceAqU&list=PLwC0UuFKct50cbfZcJjUFcBSQ9ex1K40t&index=138,ioO0VyceAqU,2022-10-03T03:00:25Z,137
139,simple inheritance in python | Learn Coding,https://www.youtube.com/watch?v=HJRqqlIecFg&list=PLwC0UuFKct50cbfZcJjUFcBSQ9ex1K40t&index=139,HJRqqlIecFg,2022-10-06T09:16:50Z,138
140,multi-level inheritance in python | Learn Coding,https://www.youtube.com/watch?v=mqEqulWqu8k&list=PLwC0UuFKct50cbfZcJjUFcBSQ9ex1K40t&index=140,mqEqulWqu8k,2022-10-15T08:12:23Z,139
141,multiple inheritance in python | Learn Coding,https://www.youtube.com/watch?v=W85o24ctOj0&list=PLwC0UuFKct50cbfZcJjUFcBSQ9ex1K40t&index=141,W85o24ctOj0,2022-10-16T09:37:01Z,140
142,hierarchical inheritance in python | Learn Coding,https://www.youtube.com/watch?v=OrzCteOdJ6M&list=PLwC0UuFKct50cbfZcJjUFcBSQ9ex1K40t&index=142,OrzCteOdJ6M,2022-11-01T04:55:19Z,141
143,Python Encapsulation | Learn Coding,https://www.youtube.com/watch?v=3zGVokYEQgo&list=PLwC0UuFKct50cbfZcJjUFcBSQ9ex1K40t&index=143,3zGVokYEQgo,2022-11-05T08:11:36Z,142
144,Python Abstraction | Learn Coding,https://www.youtube.com/watch?v=e8xctqrzSSA&list=PLwC0UuFKct50cbfZcJjUFcBSQ9ex1K40t&index=144,e8xctqrzSSA,2022-11-08T09:56:16Z,143
145,python abstract class | Learn Coding,https://www.youtube.com/watch?v=CBHRtBJGhKE&list=PLwC0UuFKct50cbfZcJjUFcBSQ9ex1K40t&index=145,CBHRtBJGhKE,2022-11-16T04:21:17Z,144
146,python interface | Learn Coding,https://www.youtube.com/watch?v=dGs-la3u5eg&list=PLwC0UuFKct50cbfZcJjUFcBSQ9ex1K40t&index=146,dGs-la3u5eg,2022-11-19T10:45:58Z,145
147,Python Polymorphism | Learn Coding,https://www.youtube.com/watch?v=a924Pin2swA&list=PLwC0UuFKct50cbfZcJjUFcBSQ9ex1K40t&index=147,a924Pin2swA,2022-11-21T10:42:04Z,146
148,Python Method Overloading | Learn Coding,https://www.youtube.com/watch?v=15pZbi_MtcY&list=PLwC0UuFKct50cbfZcJjUFcBSQ9ex1K40t&index=148,15pZbi_MtcY,2022-11-23T06:39:41Z,147
149,Python Method Overriding | Learn Coding,https://www.youtube.com/watch?v=viQeKOHTsfk&list=PLwC0UuFKct50cbfZcJjUFcBSQ9ex1K40t&index=149,viQeKOHTsfk,2022-11-25T05:49:34Z,148
150,Multithreading in Python | Learn Coding,https://www.youtube.com/watch?v=xcF4ypUW6e4&list=PLwC0UuFKct50cbfZcJjUFcBSQ9ex1K40t&index=150,xcF4ypUW6e4,2022-12-11T05:39:38Z,149
